{"train/global_step":807,"eval/samples_per_second":21.942,"_wandb":{"runtime":636},"train_steps_per_second":1.295,"eval/precision":0.26760001667064864,"eval/recall":0.2788104089219331,"train_loss":2.092472194591272,"_runtime":635.893435,"train/loss":2.1957,"train/learning_rate":7.608426270136308e-06,"_timestamp":1.7412011554605708e+09,"eval/loss":2.0229249000549316,"train_runtime":623.1519,"total_flos":4.2726830976e+14,"eval/runtime":12.2594,"train/epoch":3,"train/grad_norm":6.140556812286377,"_step":5,"eval/accuracy":0.2788104089219331,"train_samples_per_second":5.175,"eval/f1":0.24283164737566384,"eval/steps_per_second":5.547}