{"_runtime":3948.196699,"train/learning_rate":2.6388888888888893e-06,"train_runtime":3852.3203,"_step":10,"eval/precision":0.4117901631743752,"eval/loss":1.077650547027588,"train/epoch":3,"train_samples_per_second":3.588,"eval/f1":0.40352006920308275,"eval/steps_per_second":3.034,"eval/accuracy":0.4036458333333333,"train/grad_norm":8.462462425231934,"train/global_step":3456,"_wandb":{"runtime":3948},"eval/runtime":94.9093,"_timestamp":1.74118683628689e+09,"train_loss":1.0718303786383734,"eval/samples_per_second":12.138,"eval/recall":0.4036458333333333,"train/loss":1.0318,"total_flos":1.831261976395776e+15,"train_steps_per_second":0.897}