{"_timestamp":1.7412054282462049e+09,"train/global_step":807,"_wandb":{"runtime":4175},"eval/runtime":24.3991,"eval/accuracy":0.3271375464684015,"eval/loss":1.931354284286499,"train/grad_norm":8.486839294433594,"_step":5,"eval/precision":0.37833325095195974,"train_samples_per_second":0.777,"train_loss":2.0188589556952836,"eval/f1":0.3051507452272745,"_runtime":4175.063747,"eval/steps_per_second":2.787,"eval/recall":0.3271375464684015,"train/learning_rate":7.608426270136308e-06,"total_flos":8.485941026304e+14,"train_runtime":4148.4113,"eval/samples_per_second":11.025,"train/loss":2.1429,"train_steps_per_second":0.195,"train/epoch":3}