{"train/epoch":3,"eval/loss":1.1542236804962158,"_wandb":{"runtime":55},"_timestamp":1.7411817346861691e+09,"_runtime":54.794541,"total_flos":1.4997464810496e+13,"train/global_step":15,"train_steps_per_second":0.291,"eval/precision":0.2333333333333333,"eval/steps_per_second":1.794,"_step":4,"eval/runtime":1.1147,"eval/accuracy":0.4,"eval/samples_per_second":4.485,"train_runtime":51.5611,"eval/f1":0.29333333333333333,"train_samples_per_second":1.105,"eval/recall":0.4,"train_loss":1.084548568725586}