{"eval/precision":0.4668352957116121,"_runtime":8218.199133,"_step":10,"train_steps_per_second":0.426,"eval/samples_per_second":11.493,"train_runtime":8116.6798,"train_samples_per_second":1.703,"train/global_step":3456,"_timestamp":1.741199071589921e+09,"total_flos":3.637279886671872e+15,"train/epoch":3,"eval/accuracy":0.4348958333333333,"_wandb":{"runtime":8218},"eval/runtime":100.2341,"train/learning_rate":2.6388888888888893e-06,"eval/steps_per_second":2.873,"eval/recall":0.4348958333333333,"train/loss":0.9202,"eval/loss":1.0679463148117065,"eval/f1":0.42728926945483525,"train_loss":1.0221478762450042,"train/grad_norm":16.881681442260742}