{"train_samples_per_second":1.408,"train_loss":1.0938224792480469,"eval/precision":0.04,"_step":4,"eval/loss":1.0924301147460938,"train/epoch":3,"_timestamp":1.741181293280446e+09,"train_steps_per_second":0.371,"_wandb":{"runtime":41},"eval/f1":0.06666666666666667,"eval/recall":0.2,"eval/accuracy":0.2,"eval/samples_per_second":10.185,"train/global_step":15,"train_runtime":40.4774,"total_flos":7.550776378368e+12,"_runtime":40.971753,"eval/runtime":0.4909,"eval/steps_per_second":4.074}